<?xml version="1.0" encoding="UTF-8"?>
<project-private xmlns="http://www.netbeans.org/ns/project-private/1">
    <editor-bookmarks xmlns="http://www.netbeans.org/ns/editor-bookmarks/2" lastBookmarkId="0"/>
    <open-files xmlns="http://www.netbeans.org/ns/projectui-open-files/2">
        <group>
            <file>file:/C:/xampp/htdocs/Bazra/view/marketdis.php</file>
            <file>file:/C:/xampp/htdocs/Bazra/view/ieupload.php</file>
            <file>file:/C:/xampp/htdocs/Bazra/view/marketupload.php</file>
            <file>file:/C:/xampp/htdocs/Bazra/view/motorupload.php</file>
            <file>file:/C:/xampp/htdocs/Bazra/view/itupload.php</file>
            <file>file:/C:/xampp/htdocs/Bazra/view/landing.php</file>
        </group>
    </open-files>
</project-private>
